{"assets/fonts/NunitoSans-Bold.ttf":["assets/fonts/NunitoSans-Bold.ttf"],"assets/fonts/NunitoSans-Light.ttf":["assets/fonts/NunitoSans-Light.ttf"],"assets/fonts/NunitoSans-Regular.ttf":["assets/fonts/NunitoSans-Regular.ttf"],"assets/fonts/NunitoSans-SemiBold.ttf":["assets/fonts/NunitoSans-SemiBold.ttf"],"assets/images/illustration-1.png":["assets/images/illustration-1.png"],"assets/images/illustration-2.png":["assets/images/illustration-2.png"],"assets/images/mca-logo.png":["assets/images/mca-logo.png"],"assets/images/widget_temp_mca.jpg":["assets/images/widget_temp_mca.jpg"],"packages/cupertino_icons/assets/CupertinoIcons.ttf":["packages/cupertino_icons/assets/CupertinoIcons.ttf"],"packages/simpleicons/assets/icons/add-small.svg":["packages/simpleicons/assets/icons/add-small.svg"],"packages/simpleicons/assets/icons/add.svg":["packages/simpleicons/assets/icons/add.svg"],"packages/simpleicons/assets/icons/address-book.svg":["packages/simpleicons/assets/icons/address-book.svg"],"packages/simpleicons/assets/icons/adjust-horizontal-alt.svg":["packages/simpleicons/assets/icons/adjust-horizontal-alt.svg"],"packages/simpleicons/assets/icons/adjust-horizontal.svg":["packages/simpleicons/assets/icons/adjust-horizontal.svg"],"packages/simpleicons/assets/icons/adjust-vertical-alt.svg":["packages/simpleicons/assets/icons/adjust-vertical-alt.svg"],"packages/simpleicons/assets/icons/adjust-vertical.svg":["packages/simpleicons/assets/icons/adjust-vertical.svg"],"packages/simpleicons/assets/icons/airplay.svg":["packages/simpleicons/assets/icons/airplay.svg"],"packages/simpleicons/assets/icons/airpods.svg":["packages/simpleicons/assets/icons/airpods.svg"],"packages/simpleicons/assets/icons/alarm.svg":["packages/simpleicons/assets/icons/alarm.svg"],"packages/simpleicons/assets/icons/align-bottom.svg":["packages/simpleicons/assets/icons/align-bottom.svg"],"packages/simpleicons/assets/icons/align-center-horizontal.svg":["packages/simpleicons/assets/icons/align-center-horizontal.svg"],"packages/simpleicons/assets/icons/align-center-vertical.svg":["packages/simpleicons/assets/icons/align-center-vertical.svg"],"packages/simpleicons/assets/icons/align-left.svg":["packages/simpleicons/assets/icons/align-left.svg"],"packages/simpleicons/assets/icons/align-right.svg":["packages/simpleicons/assets/icons/align-right.svg"],"packages/simpleicons/assets/icons/align-text-center.svg":["packages/simpleicons/assets/icons/align-text-center.svg"],"packages/simpleicons/assets/icons/align-text-justify.svg":["packages/simpleicons/assets/icons/align-text-justify.svg"],"packages/simpleicons/assets/icons/align-text-left.svg":["packages/simpleicons/assets/icons/align-text-left.svg"],"packages/simpleicons/assets/icons/align-text-right.svg":["packages/simpleicons/assets/icons/align-text-right.svg"],"packages/simpleicons/assets/icons/align-top.svg":["packages/simpleicons/assets/icons/align-top.svg"],"packages/simpleicons/assets/icons/anchor.svg":["packages/simpleicons/assets/icons/anchor.svg"],"packages/simpleicons/assets/icons/anti-clockwise.svg":["packages/simpleicons/assets/icons/anti-clockwise.svg"],"packages/simpleicons/assets/icons/appointments.svg":["packages/simpleicons/assets/icons/appointments.svg"],"packages/simpleicons/assets/icons/archive.svg":["packages/simpleicons/assets/icons/archive.svg"],"packages/simpleicons/assets/icons/area-chart-alt.svg":["packages/simpleicons/assets/icons/area-chart-alt.svg"],"packages/simpleicons/assets/icons/area-chart.svg":["packages/simpleicons/assets/icons/area-chart.svg"],"packages/simpleicons/assets/icons/arrow-down-circle.svg":["packages/simpleicons/assets/icons/arrow-down-circle.svg"],"packages/simpleicons/assets/icons/arrow-down-small.svg":["packages/simpleicons/assets/icons/arrow-down-small.svg"],"packages/simpleicons/assets/icons/arrow-down.svg":["packages/simpleicons/assets/icons/arrow-down.svg"],"packages/simpleicons/assets/icons/arrow-left-circle.svg":["packages/simpleicons/assets/icons/arrow-left-circle.svg"],"packages/simpleicons/assets/icons/arrow-left-small.svg":["packages/simpleicons/assets/icons/arrow-left-small.svg"],"packages/simpleicons/assets/icons/arrow-left.svg":["packages/simpleicons/assets/icons/arrow-left.svg"],"packages/simpleicons/assets/icons/arrow-right-circle.svg":["packages/simpleicons/assets/icons/arrow-right-circle.svg"],"packages/simpleicons/assets/icons/arrow-right-small.svg":["packages/simpleicons/assets/icons/arrow-right-small.svg"],"packages/simpleicons/assets/icons/arrow-right.svg":["packages/simpleicons/assets/icons/arrow-right.svg"],"packages/simpleicons/assets/icons/arrow-up-circle.svg":["packages/simpleicons/assets/icons/arrow-up-circle.svg"],"packages/simpleicons/assets/icons/arrow-up-small.svg":["packages/simpleicons/assets/icons/arrow-up-small.svg"],"packages/simpleicons/assets/icons/arrow-up.svg":["packages/simpleicons/assets/icons/arrow-up.svg"],"packages/simpleicons/assets/icons/arrow.svg":["packages/simpleicons/assets/icons/arrow.svg"],"packages/simpleicons/assets/icons/artboard.svg":["packages/simpleicons/assets/icons/artboard.svg"],"packages/simpleicons/assets/icons/at.svg":["packages/simpleicons/assets/icons/at.svg"],"packages/simpleicons/assets/icons/attach.svg":["packages/simpleicons/assets/icons/attach.svg"],"packages/simpleicons/assets/icons/attachment.svg":["packages/simpleicons/assets/icons/attachment.svg"],"packages/simpleicons/assets/icons/audio-cable.svg":["packages/simpleicons/assets/icons/audio-cable.svg"],"packages/simpleicons/assets/icons/audio-document.svg":["packages/simpleicons/assets/icons/audio-document.svg"],"packages/simpleicons/assets/icons/backspace.svg":["packages/simpleicons/assets/icons/backspace.svg"],"packages/simpleicons/assets/icons/bag-alt.svg":["packages/simpleicons/assets/icons/bag-alt.svg"],"packages/simpleicons/assets/icons/bag-minus.svg":["packages/simpleicons/assets/icons/bag-minus.svg"],"packages/simpleicons/assets/icons/bag-plus.svg":["packages/simpleicons/assets/icons/bag-plus.svg"],"packages/simpleicons/assets/icons/bag.svg":["packages/simpleicons/assets/icons/bag.svg"],"packages/simpleicons/assets/icons/bank.svg":["packages/simpleicons/assets/icons/bank.svg"],"packages/simpleicons/assets/icons/bar-chart.svg":["packages/simpleicons/assets/icons/bar-chart.svg"],"packages/simpleicons/assets/icons/barcode.svg":["packages/simpleicons/assets/icons/barcode.svg"],"packages/simpleicons/assets/icons/basket-minus.svg":["packages/simpleicons/assets/icons/basket-minus.svg"],"packages/simpleicons/assets/icons/basket-plus.svg":["packages/simpleicons/assets/icons/basket-plus.svg"],"packages/simpleicons/assets/icons/basket.svg":["packages/simpleicons/assets/icons/basket.svg"],"packages/simpleicons/assets/icons/bath.svg":["packages/simpleicons/assets/icons/bath.svg"],"packages/simpleicons/assets/icons/battery-0.svg":["packages/simpleicons/assets/icons/battery-0.svg"],"packages/simpleicons/assets/icons/battery-1.svg":["packages/simpleicons/assets/icons/battery-1.svg"],"packages/simpleicons/assets/icons/battery-2.svg":["packages/simpleicons/assets/icons/battery-2.svg"],"packages/simpleicons/assets/icons/battery-3.svg":["packages/simpleicons/assets/icons/battery-3.svg"],"packages/simpleicons/assets/icons/battery-4.svg":["packages/simpleicons/assets/icons/battery-4.svg"],"packages/simpleicons/assets/icons/battery-5.svg":["packages/simpleicons/assets/icons/battery-5.svg"],"packages/simpleicons/assets/icons/battery-charge.svg":["packages/simpleicons/assets/icons/battery-charge.svg"],"packages/simpleicons/assets/icons/bed-double.svg":["packages/simpleicons/assets/icons/bed-double.svg"],"packages/simpleicons/assets/icons/bed-single.svg":["packages/simpleicons/assets/icons/bed-single.svg"],"packages/simpleicons/assets/icons/bell.svg":["packages/simpleicons/assets/icons/bell.svg"],"packages/simpleicons/assets/icons/bin.svg":["packages/simpleicons/assets/icons/bin.svg"],"packages/simpleicons/assets/icons/bitcoin.svg":["packages/simpleicons/assets/icons/bitcoin.svg"],"packages/simpleicons/assets/icons/bluetooth.svg":["packages/simpleicons/assets/icons/bluetooth.svg"],"packages/simpleicons/assets/icons/bold.svg":["packages/simpleicons/assets/icons/bold.svg"],"packages/simpleicons/assets/icons/book.svg":["packages/simpleicons/assets/icons/book.svg"],"packages/simpleicons/assets/icons/bookmark.svg":["packages/simpleicons/assets/icons/bookmark.svg"],"packages/simpleicons/assets/icons/border-all.svg":["packages/simpleicons/assets/icons/border-all.svg"],"packages/simpleicons/assets/icons/border-bottom.svg":["packages/simpleicons/assets/icons/border-bottom.svg"],"packages/simpleicons/assets/icons/border-horizontal.svg":["packages/simpleicons/assets/icons/border-horizontal.svg"],"packages/simpleicons/assets/icons/border-inner.svg":["packages/simpleicons/assets/icons/border-inner.svg"],"packages/simpleicons/assets/icons/border-left.svg":["packages/simpleicons/assets/icons/border-left.svg"],"packages/simpleicons/assets/icons/border-none.svg":["packages/simpleicons/assets/icons/border-none.svg"],"packages/simpleicons/assets/icons/border-outer.svg":["packages/simpleicons/assets/icons/border-outer.svg"],"packages/simpleicons/assets/icons/border-radius.svg":["packages/simpleicons/assets/icons/border-radius.svg"],"packages/simpleicons/assets/icons/border-right.svg":["packages/simpleicons/assets/icons/border-right.svg"],"packages/simpleicons/assets/icons/border-top.svg":["packages/simpleicons/assets/icons/border-top.svg"],"packages/simpleicons/assets/icons/border-vertical.svg":["packages/simpleicons/assets/icons/border-vertical.svg"],"packages/simpleicons/assets/icons/bottom-left.svg":["packages/simpleicons/assets/icons/bottom-left.svg"],"packages/simpleicons/assets/icons/bottom-right.svg":["packages/simpleicons/assets/icons/bottom-right.svg"],"packages/simpleicons/assets/icons/box.svg":["packages/simpleicons/assets/icons/box.svg"],"packages/simpleicons/assets/icons/bracket.svg":["packages/simpleicons/assets/icons/bracket.svg"],"packages/simpleicons/assets/icons/briefcase-alt.svg":["packages/simpleicons/assets/icons/briefcase-alt.svg"],"packages/simpleicons/assets/icons/briefcase.svg":["packages/simpleicons/assets/icons/briefcase.svg"],"packages/simpleicons/assets/icons/brush.svg":["packages/simpleicons/assets/icons/brush.svg"],"packages/simpleicons/assets/icons/building.svg":["packages/simpleicons/assets/icons/building.svg"],"packages/simpleicons/assets/icons/bulb-off.svg":["packages/simpleicons/assets/icons/bulb-off.svg"],"packages/simpleicons/assets/icons/bulb-on.svg":["packages/simpleicons/assets/icons/bulb-on.svg"],"packages/simpleicons/assets/icons/button.svg":["packages/simpleicons/assets/icons/button.svg"],"packages/simpleicons/assets/icons/calculator.svg":["packages/simpleicons/assets/icons/calculator.svg"],"packages/simpleicons/assets/icons/calendar-minus.svg":["packages/simpleicons/assets/icons/calendar-minus.svg"],"packages/simpleicons/assets/icons/calendar-no-access.svg":["packages/simpleicons/assets/icons/calendar-no-access.svg"],"packages/simpleicons/assets/icons/calendar-plus.svg":["packages/simpleicons/assets/icons/calendar-plus.svg"],"packages/simpleicons/assets/icons/calendar-tick.svg":["packages/simpleicons/assets/icons/calendar-tick.svg"],"packages/simpleicons/assets/icons/calendar-x.svg":["packages/simpleicons/assets/icons/calendar-x.svg"],"packages/simpleicons/assets/icons/calendar.svg":["packages/simpleicons/assets/icons/calendar.svg"],"packages/simpleicons/assets/icons/camera.svg":["packages/simpleicons/assets/icons/camera.svg"],"packages/simpleicons/assets/icons/candle-chart.svg":["packages/simpleicons/assets/icons/candle-chart.svg"],"packages/simpleicons/assets/icons/car.svg":["packages/simpleicons/assets/icons/car.svg"],"packages/simpleicons/assets/icons/caret-vertical-circle.svg":["packages/simpleicons/assets/icons/caret-vertical-circle.svg"],"packages/simpleicons/assets/icons/caret-vertical-small.svg":["packages/simpleicons/assets/icons/caret-vertical-small.svg"],"packages/simpleicons/assets/icons/caret-vertical.svg":["packages/simpleicons/assets/icons/caret-vertical.svg"],"packages/simpleicons/assets/icons/cart-minus.svg":["packages/simpleicons/assets/icons/cart-minus.svg"],"packages/simpleicons/assets/icons/cart-plus.svg":["packages/simpleicons/assets/icons/cart-plus.svg"],"packages/simpleicons/assets/icons/cart.svg":["packages/simpleicons/assets/icons/cart.svg"],"packages/simpleicons/assets/icons/certificate.svg":["packages/simpleicons/assets/icons/certificate.svg"],"packages/simpleicons/assets/icons/chat-typing-alt.svg":["packages/simpleicons/assets/icons/chat-typing-alt.svg"],"packages/simpleicons/assets/icons/chat-typing.svg":["packages/simpleicons/assets/icons/chat-typing.svg"],"packages/simpleicons/assets/icons/chat.svg":["packages/simpleicons/assets/icons/chat.svg"],"packages/simpleicons/assets/icons/check.svg":["packages/simpleicons/assets/icons/check.svg"],"packages/simpleicons/assets/icons/church.svg":["packages/simpleicons/assets/icons/church.svg"],"packages/simpleicons/assets/icons/circle.svg":["packages/simpleicons/assets/icons/circle.svg"],"packages/simpleicons/assets/icons/clipboard-minus.svg":["packages/simpleicons/assets/icons/clipboard-minus.svg"],"packages/simpleicons/assets/icons/clipboard-no-access.svg":["packages/simpleicons/assets/icons/clipboard-no-access.svg"],"packages/simpleicons/assets/icons/clipboard-plus.svg":["packages/simpleicons/assets/icons/clipboard-plus.svg"],"packages/simpleicons/assets/icons/clipboard-tick.svg":["packages/simpleicons/assets/icons/clipboard-tick.svg"],"packages/simpleicons/assets/icons/clipboard-x.svg":["packages/simpleicons/assets/icons/clipboard-x.svg"],"packages/simpleicons/assets/icons/clipboard.svg":["packages/simpleicons/assets/icons/clipboard.svg"],"packages/simpleicons/assets/icons/clock.svg":["packages/simpleicons/assets/icons/clock.svg"],"packages/simpleicons/assets/icons/clockwise.svg":["packages/simpleicons/assets/icons/clockwise.svg"],"packages/simpleicons/assets/icons/code.svg":["packages/simpleicons/assets/icons/code.svg"],"packages/simpleicons/assets/icons/cog.svg":["packages/simpleicons/assets/icons/cog.svg"],"packages/simpleicons/assets/icons/compass.svg":["packages/simpleicons/assets/icons/compass.svg"],"packages/simpleicons/assets/icons/computer.svg":["packages/simpleicons/assets/icons/computer.svg"],"packages/simpleicons/assets/icons/contact.svg":["packages/simpleicons/assets/icons/contact.svg"],"packages/simpleicons/assets/icons/contract.svg":["packages/simpleicons/assets/icons/contract.svg"],"packages/simpleicons/assets/icons/cost-estimate.svg":["packages/simpleicons/assets/icons/cost-estimate.svg"],"packages/simpleicons/assets/icons/credit-card.svg":["packages/simpleicons/assets/icons/credit-card.svg"],"packages/simpleicons/assets/icons/crop.svg":["packages/simpleicons/assets/icons/crop.svg"],"packages/simpleicons/assets/icons/csv.svg":["packages/simpleicons/assets/icons/csv.svg"],"packages/simpleicons/assets/icons/cup.svg":["packages/simpleicons/assets/icons/cup.svg"],"packages/simpleicons/assets/icons/curved-connector.svg":["packages/simpleicons/assets/icons/curved-connector.svg"],"packages/simpleicons/assets/icons/denied.svg":["packages/simpleicons/assets/icons/denied.svg"],"packages/simpleicons/assets/icons/depth-chart.svg":["packages/simpleicons/assets/icons/depth-chart.svg"],"packages/simpleicons/assets/icons/desklamp.svg":["packages/simpleicons/assets/icons/desklamp.svg"],"packages/simpleicons/assets/icons/diamond.svg":["packages/simpleicons/assets/icons/diamond.svg"],"packages/simpleicons/assets/icons/direction.svg":["packages/simpleicons/assets/icons/direction.svg"],"packages/simpleicons/assets/icons/discount.svg":["packages/simpleicons/assets/icons/discount.svg"],"packages/simpleicons/assets/icons/distribute-horizontal.svg":["packages/simpleicons/assets/icons/distribute-horizontal.svg"],"packages/simpleicons/assets/icons/distribute-vertical.svg":["packages/simpleicons/assets/icons/distribute-vertical.svg"],"packages/simpleicons/assets/icons/divider-line.svg":["packages/simpleicons/assets/icons/divider-line.svg"],"packages/simpleicons/assets/icons/doc.svg":["packages/simpleicons/assets/icons/doc.svg"],"packages/simpleicons/assets/icons/documents.svg":["packages/simpleicons/assets/icons/documents.svg"],"packages/simpleicons/assets/icons/dollar.svg":["packages/simpleicons/assets/icons/dollar.svg"],"packages/simpleicons/assets/icons/donut-chart.svg":["packages/simpleicons/assets/icons/donut-chart.svg"],"packages/simpleicons/assets/icons/double-caret-down-circle.svg":["packages/simpleicons/assets/icons/double-caret-down-circle.svg"],"packages/simpleicons/assets/icons/double-caret-down-small.svg":["packages/simpleicons/assets/icons/double-caret-down-small.svg"],"packages/simpleicons/assets/icons/double-caret-down.svg":["packages/simpleicons/assets/icons/double-caret-down.svg"],"packages/simpleicons/assets/icons/double-caret-left-circle.svg":["packages/simpleicons/assets/icons/double-caret-left-circle.svg"],"packages/simpleicons/assets/icons/double-caret-left-small.svg":["packages/simpleicons/assets/icons/double-caret-left-small.svg"],"packages/simpleicons/assets/icons/double-caret-left.svg":["packages/simpleicons/assets/icons/double-caret-left.svg"],"packages/simpleicons/assets/icons/double-caret-right-circle.svg":["packages/simpleicons/assets/icons/double-caret-right-circle.svg"],"packages/simpleicons/assets/icons/double-caret-right-small.svg":["packages/simpleicons/assets/icons/double-caret-right-small.svg"],"packages/simpleicons/assets/icons/double-caret-right.svg":["packages/simpleicons/assets/icons/double-caret-right.svg"],"packages/simpleicons/assets/icons/double-caret-up-circle.svg":["packages/simpleicons/assets/icons/double-caret-up-circle.svg"],"packages/simpleicons/assets/icons/double-caret-up-small.svg":["packages/simpleicons/assets/icons/double-caret-up-small.svg"],"packages/simpleicons/assets/icons/double-caret-up.svg":["packages/simpleicons/assets/icons/double-caret-up.svg"],"packages/simpleicons/assets/icons/down-circle.svg":["packages/simpleicons/assets/icons/down-circle.svg"],"packages/simpleicons/assets/icons/down-small.svg":["packages/simpleicons/assets/icons/down-small.svg"],"packages/simpleicons/assets/icons/down.svg":["packages/simpleicons/assets/icons/down.svg"],"packages/simpleicons/assets/icons/download.svg":["packages/simpleicons/assets/icons/download.svg"],"packages/simpleicons/assets/icons/drag-horizontal.svg":["packages/simpleicons/assets/icons/drag-horizontal.svg"],"packages/simpleicons/assets/icons/drag-vertical.svg":["packages/simpleicons/assets/icons/drag-vertical.svg"],"packages/simpleicons/assets/icons/drag.svg":["packages/simpleicons/assets/icons/drag.svg"],"packages/simpleicons/assets/icons/drop.svg":["packages/simpleicons/assets/icons/drop.svg"],"packages/simpleicons/assets/icons/dropper.svg":["packages/simpleicons/assets/icons/dropper.svg"],"packages/simpleicons/assets/icons/edit-circle.svg":["packages/simpleicons/assets/icons/edit-circle.svg"],"packages/simpleicons/assets/icons/edit-small.svg":["packages/simpleicons/assets/icons/edit-small.svg"],"packages/simpleicons/assets/icons/edit.svg":["packages/simpleicons/assets/icons/edit.svg"],"packages/simpleicons/assets/icons/elbow-connector.svg":["packages/simpleicons/assets/icons/elbow-connector.svg"],"packages/simpleicons/assets/icons/envelope-open.svg":["packages/simpleicons/assets/icons/envelope-open.svg"],"packages/simpleicons/assets/icons/envelope.svg":["packages/simpleicons/assets/icons/envelope.svg"],"packages/simpleicons/assets/icons/eps.svg":["packages/simpleicons/assets/icons/eps.svg"],"packages/simpleicons/assets/icons/ethereum.svg":["packages/simpleicons/assets/icons/ethereum.svg"],"packages/simpleicons/assets/icons/euro.svg":["packages/simpleicons/assets/icons/euro.svg"],"packages/simpleicons/assets/icons/exclamation-circle.svg":["packages/simpleicons/assets/icons/exclamation-circle.svg"],"packages/simpleicons/assets/icons/exclamation-small.svg":["packages/simpleicons/assets/icons/exclamation-small.svg"],"packages/simpleicons/assets/icons/exclamation.svg":["packages/simpleicons/assets/icons/exclamation.svg"],"packages/simpleicons/assets/icons/expand-alt.svg":["packages/simpleicons/assets/icons/expand-alt.svg"],"packages/simpleicons/assets/icons/expand.svg":["packages/simpleicons/assets/icons/expand.svg"],"packages/simpleicons/assets/icons/eye-closed.svg":["packages/simpleicons/assets/icons/eye-closed.svg"],"packages/simpleicons/assets/icons/eye.svg":["packages/simpleicons/assets/icons/eye.svg"],"packages/simpleicons/assets/icons/face-id.svg":["packages/simpleicons/assets/icons/face-id.svg"],"packages/simpleicons/assets/icons/file-minus.svg":["packages/simpleicons/assets/icons/file-minus.svg"],"packages/simpleicons/assets/icons/file-no-access.svg":["packages/simpleicons/assets/icons/file-no-access.svg"],"packages/simpleicons/assets/icons/file-plus.svg":["packages/simpleicons/assets/icons/file-plus.svg"],"packages/simpleicons/assets/icons/file-tick.svg":["packages/simpleicons/assets/icons/file-tick.svg"],"packages/simpleicons/assets/icons/file-x.svg":["packages/simpleicons/assets/icons/file-x.svg"],"packages/simpleicons/assets/icons/file.svg":["packages/simpleicons/assets/icons/file.svg"],"packages/simpleicons/assets/icons/filter.svg":["packages/simpleicons/assets/icons/filter.svg"],"packages/simpleicons/assets/icons/fingerprint.svg":["packages/simpleicons/assets/icons/fingerprint.svg"],"packages/simpleicons/assets/icons/flag-alt.svg":["packages/simpleicons/assets/icons/flag-alt.svg"],"packages/simpleicons/assets/icons/flag.svg":["packages/simpleicons/assets/icons/flag.svg"],"packages/simpleicons/assets/icons/flip-horizontal.svg":["packages/simpleicons/assets/icons/flip-horizontal.svg"],"packages/simpleicons/assets/icons/flip-vertical.svg":["packages/simpleicons/assets/icons/flip-vertical.svg"],"packages/simpleicons/assets/icons/float-center.svg":["packages/simpleicons/assets/icons/float-center.svg"],"packages/simpleicons/assets/icons/float-left.svg":["packages/simpleicons/assets/icons/float-left.svg"],"packages/simpleicons/assets/icons/float-right.svg":["packages/simpleicons/assets/icons/float-right.svg"],"packages/simpleicons/assets/icons/floorplan.svg":["packages/simpleicons/assets/icons/floorplan.svg"],"packages/simpleicons/assets/icons/folder-minus.svg":["packages/simpleicons/assets/icons/folder-minus.svg"],"packages/simpleicons/assets/icons/folder-no-access.svg":["packages/simpleicons/assets/icons/folder-no-access.svg"],"packages/simpleicons/assets/icons/folder-plus.svg":["packages/simpleicons/assets/icons/folder-plus.svg"],"packages/simpleicons/assets/icons/folder-tick.svg":["packages/simpleicons/assets/icons/folder-tick.svg"],"packages/simpleicons/assets/icons/folder-x.svg":["packages/simpleicons/assets/icons/folder-x.svg"],"packages/simpleicons/assets/icons/folder.svg":["packages/simpleicons/assets/icons/folder.svg"],"packages/simpleicons/assets/icons/folders.svg":["packages/simpleicons/assets/icons/folders.svg"],"packages/simpleicons/assets/icons/forward-circle.svg":["packages/simpleicons/assets/icons/forward-circle.svg"],"packages/simpleicons/assets/icons/forward-small.svg":["packages/simpleicons/assets/icons/forward-small.svg"],"packages/simpleicons/assets/icons/forward.svg":["packages/simpleicons/assets/icons/forward.svg"],"packages/simpleicons/assets/icons/frame.svg":["packages/simpleicons/assets/icons/frame.svg"],"packages/simpleicons/assets/icons/game-controller-retro.svg":["packages/simpleicons/assets/icons/game-controller-retro.svg"],"packages/simpleicons/assets/icons/game-controller.svg":["packages/simpleicons/assets/icons/game-controller.svg"],"packages/simpleicons/assets/icons/gantt-chart.svg":["packages/simpleicons/assets/icons/gantt-chart.svg"],"packages/simpleicons/assets/icons/garage.svg":["packages/simpleicons/assets/icons/garage.svg"],"packages/simpleicons/assets/icons/gba.svg":["packages/simpleicons/assets/icons/gba.svg"],"packages/simpleicons/assets/icons/gbc.svg":["packages/simpleicons/assets/icons/gbc.svg"],"packages/simpleicons/assets/icons/gif.svg":["packages/simpleicons/assets/icons/gif.svg"],"packages/simpleicons/assets/icons/gift.svg":["packages/simpleicons/assets/icons/gift.svg"],"packages/simpleicons/assets/icons/globe-africa.svg":["packages/simpleicons/assets/icons/globe-africa.svg"],"packages/simpleicons/assets/icons/globe-americas.svg":["packages/simpleicons/assets/icons/globe-americas.svg"],"packages/simpleicons/assets/icons/globe.svg":["packages/simpleicons/assets/icons/globe.svg"],"packages/simpleicons/assets/icons/google-ad.svg":["packages/simpleicons/assets/icons/google-ad.svg"],"packages/simpleicons/assets/icons/google-streetview.svg":["packages/simpleicons/assets/icons/google-streetview.svg"],"packages/simpleicons/assets/icons/grid-layout.svg":["packages/simpleicons/assets/icons/grid-layout.svg"],"packages/simpleicons/assets/icons/h360.svg":["packages/simpleicons/assets/icons/h360.svg"],"packages/simpleicons/assets/icons/hashtag.svg":["packages/simpleicons/assets/icons/hashtag.svg"],"packages/simpleicons/assets/icons/hd-screen.svg":["packages/simpleicons/assets/icons/hd-screen.svg"],"packages/simpleicons/assets/icons/hdmi-cable.svg":["packages/simpleicons/assets/icons/hdmi-cable.svg"],"packages/simpleicons/assets/icons/headphones.svg":["packages/simpleicons/assets/icons/headphones.svg"],"packages/simpleicons/assets/icons/headset.svg":["packages/simpleicons/assets/icons/headset.svg"],"packages/simpleicons/assets/icons/heart-circle.svg":["packages/simpleicons/assets/icons/heart-circle.svg"],"packages/simpleicons/assets/icons/heart-small.svg":["packages/simpleicons/assets/icons/heart-small.svg"],"packages/simpleicons/assets/icons/heart.svg":["packages/simpleicons/assets/icons/heart.svg"],"packages/simpleicons/assets/icons/hexagon.svg":["packages/simpleicons/assets/icons/hexagon.svg"],"packages/simpleicons/assets/icons/history.svg":["packages/simpleicons/assets/icons/history.svg"],"packages/simpleicons/assets/icons/home-alt.svg":["packages/simpleicons/assets/icons/home-alt.svg"],"packages/simpleicons/assets/icons/home.svg":["packages/simpleicons/assets/icons/home.svg"],"packages/simpleicons/assets/icons/hospital.svg":["packages/simpleicons/assets/icons/hospital.svg"],"packages/simpleicons/assets/icons/hourglass.svg":["packages/simpleicons/assets/icons/hourglass.svg"],"packages/simpleicons/assets/icons/house.svg":["packages/simpleicons/assets/icons/house.svg"],"packages/simpleicons/assets/icons/id.svg":["packages/simpleicons/assets/icons/id.svg"],"packages/simpleicons/assets/icons/imac.svg":["packages/simpleicons/assets/icons/imac.svg"],"packages/simpleicons/assets/icons/image-alt.svg":["packages/simpleicons/assets/icons/image-alt.svg"],"packages/simpleicons/assets/icons/image-document.svg":["packages/simpleicons/assets/icons/image-document.svg"],"packages/simpleicons/assets/icons/image.svg":["packages/simpleicons/assets/icons/image.svg"],"packages/simpleicons/assets/icons/in-ear-headphones.svg":["packages/simpleicons/assets/icons/in-ear-headphones.svg"],"packages/simpleicons/assets/icons/inbox.svg":["packages/simpleicons/assets/icons/inbox.svg"],"packages/simpleicons/assets/icons/indent-decrease.svg":["packages/simpleicons/assets/icons/indent-decrease.svg"],"packages/simpleicons/assets/icons/indent-increase.svg":["packages/simpleicons/assets/icons/indent-increase.svg"],"packages/simpleicons/assets/icons/info-circle.svg":["packages/simpleicons/assets/icons/info-circle.svg"],"packages/simpleicons/assets/icons/info-small.svg":["packages/simpleicons/assets/icons/info-small.svg"],"packages/simpleicons/assets/icons/info.svg":["packages/simpleicons/assets/icons/info.svg"],"packages/simpleicons/assets/icons/invoice.svg":["packages/simpleicons/assets/icons/invoice.svg"],"packages/simpleicons/assets/icons/italic.svg":["packages/simpleicons/assets/icons/italic.svg"],"packages/simpleicons/assets/icons/joystick.svg":["packages/simpleicons/assets/icons/joystick.svg"],"packages/simpleicons/assets/icons/jpg.svg":["packages/simpleicons/assets/icons/jpg.svg"],"packages/simpleicons/assets/icons/kanban.svg":["packages/simpleicons/assets/icons/kanban.svg"],"packages/simpleicons/assets/icons/key.svg":["packages/simpleicons/assets/icons/key.svg"],"packages/simpleicons/assets/icons/keyboard.svg":["packages/simpleicons/assets/icons/keyboard.svg"],"packages/simpleicons/assets/icons/lan-cable.svg":["packages/simpleicons/assets/icons/lan-cable.svg"],"packages/simpleicons/assets/icons/laptop.svg":["packages/simpleicons/assets/icons/laptop.svg"],"packages/simpleicons/assets/icons/layers-difference.svg":["packages/simpleicons/assets/icons/layers-difference.svg"],"packages/simpleicons/assets/icons/layers-intersect.svg":["packages/simpleicons/assets/icons/layers-intersect.svg"],"packages/simpleicons/assets/icons/layers-subtract.svg":["packages/simpleicons/assets/icons/layers-subtract.svg"],"packages/simpleicons/assets/icons/layers-union.svg":["packages/simpleicons/assets/icons/layers-union.svg"],"packages/simpleicons/assets/icons/layers.svg":["packages/simpleicons/assets/icons/layers.svg"],"packages/simpleicons/assets/icons/left-circle.svg":["packages/simpleicons/assets/icons/left-circle.svg"],"packages/simpleicons/assets/icons/left-small.svg":["packages/simpleicons/assets/icons/left-small.svg"],"packages/simpleicons/assets/icons/left.svg":["packages/simpleicons/assets/icons/left.svg"],"packages/simpleicons/assets/icons/lifebuoy.svg":["packages/simpleicons/assets/icons/lifebuoy.svg"],"packages/simpleicons/assets/icons/lightning-cable.svg":["packages/simpleicons/assets/icons/lightning-cable.svg"],"packages/simpleicons/assets/icons/line.svg":["packages/simpleicons/assets/icons/line.svg"],"packages/simpleicons/assets/icons/link-remove.svg":["packages/simpleicons/assets/icons/link-remove.svg"],"packages/simpleicons/assets/icons/link.svg":["packages/simpleicons/assets/icons/link.svg"],"packages/simpleicons/assets/icons/list-layout.svg":["packages/simpleicons/assets/icons/list-layout.svg"],"packages/simpleicons/assets/icons/list-ordered.svg":["packages/simpleicons/assets/icons/list-ordered.svg"],"packages/simpleicons/assets/icons/list-unordered.svg":["packages/simpleicons/assets/icons/list-unordered.svg"],"packages/simpleicons/assets/icons/litecoin.svg":["packages/simpleicons/assets/icons/litecoin.svg"],"packages/simpleicons/assets/icons/loader.svg":["packages/simpleicons/assets/icons/loader.svg"],"packages/simpleicons/assets/icons/location.svg":["packages/simpleicons/assets/icons/location.svg"],"packages/simpleicons/assets/icons/lock-circle.svg":["packages/simpleicons/assets/icons/lock-circle.svg"],"packages/simpleicons/assets/icons/lock-small.svg":["packages/simpleicons/assets/icons/lock-small.svg"],"packages/simpleicons/assets/icons/lock.svg":["packages/simpleicons/assets/icons/lock.svg"],"packages/simpleicons/assets/icons/logout.svg":["packages/simpleicons/assets/icons/logout.svg"],"packages/simpleicons/assets/icons/loop.svg":["packages/simpleicons/assets/icons/loop.svg"],"packages/simpleicons/assets/icons/magsafe.svg":["packages/simpleicons/assets/icons/magsafe.svg"],"packages/simpleicons/assets/icons/menu.svg":["packages/simpleicons/assets/icons/menu.svg"],"packages/simpleicons/assets/icons/message-minus.svg":["packages/simpleicons/assets/icons/message-minus.svg"],"packages/simpleicons/assets/icons/message-no-access.svg":["packages/simpleicons/assets/icons/message-no-access.svg"],"packages/simpleicons/assets/icons/message-plus.svg":["packages/simpleicons/assets/icons/message-plus.svg"],"packages/simpleicons/assets/icons/message-text-alt.svg":["packages/simpleicons/assets/icons/message-text-alt.svg"],"packages/simpleicons/assets/icons/message-text.svg":["packages/simpleicons/assets/icons/message-text.svg"],"packages/simpleicons/assets/icons/message-tick.svg":["packages/simpleicons/assets/icons/message-tick.svg"],"packages/simpleicons/assets/icons/message-x.svg":["packages/simpleicons/assets/icons/message-x.svg"],"packages/simpleicons/assets/icons/message.svg":["packages/simpleicons/assets/icons/message.svg"],"packages/simpleicons/assets/icons/micro-sd-card.svg":["packages/simpleicons/assets/icons/micro-sd-card.svg"],"packages/simpleicons/assets/icons/microphone.svg":["packages/simpleicons/assets/icons/microphone.svg"],"packages/simpleicons/assets/icons/minimise-alt.svg":["packages/simpleicons/assets/icons/minimise-alt.svg"],"packages/simpleicons/assets/icons/minimise.svg":["packages/simpleicons/assets/icons/minimise.svg"],"packages/simpleicons/assets/icons/minus-circle.svg":["packages/simpleicons/assets/icons/minus-circle.svg"],"packages/simpleicons/assets/icons/minus-small.svg":["packages/simpleicons/assets/icons/minus-small.svg"],"packages/simpleicons/assets/icons/minus.svg":["packages/simpleicons/assets/icons/minus.svg"],"packages/simpleicons/assets/icons/mobile.svg":["packages/simpleicons/assets/icons/mobile.svg"],"packages/simpleicons/assets/icons/money-stack.svg":["packages/simpleicons/assets/icons/money-stack.svg"],"packages/simpleicons/assets/icons/money.svg":["packages/simpleicons/assets/icons/money.svg"],"packages/simpleicons/assets/icons/moon.svg":["packages/simpleicons/assets/icons/moon.svg"],"packages/simpleicons/assets/icons/more-horizontal.svg":["packages/simpleicons/assets/icons/more-horizontal.svg"],"packages/simpleicons/assets/icons/more-vertical.svg":["packages/simpleicons/assets/icons/more-vertical.svg"],"packages/simpleicons/assets/icons/mouse.svg":["packages/simpleicons/assets/icons/mouse.svg"],"packages/simpleicons/assets/icons/mov.svg":["packages/simpleicons/assets/icons/mov.svg"],"packages/simpleicons/assets/icons/mp3.svg":["packages/simpleicons/assets/icons/mp3.svg"],"packages/simpleicons/assets/icons/mp4.svg":["packages/simpleicons/assets/icons/mp4.svg"],"packages/simpleicons/assets/icons/ms-excel.svg":["packages/simpleicons/assets/icons/ms-excel.svg"],"packages/simpleicons/assets/icons/ms-powerpoint.svg":["packages/simpleicons/assets/icons/ms-powerpoint.svg"],"packages/simpleicons/assets/icons/ms-word.svg":["packages/simpleicons/assets/icons/ms-word.svg"],"packages/simpleicons/assets/icons/n64.svg":["packages/simpleicons/assets/icons/n64.svg"],"packages/simpleicons/assets/icons/nes.svg":["packages/simpleicons/assets/icons/nes.svg"],"packages/simpleicons/assets/icons/next-circle.svg":["packages/simpleicons/assets/icons/next-circle.svg"],"packages/simpleicons/assets/icons/next-small.svg":["packages/simpleicons/assets/icons/next-small.svg"],"packages/simpleicons/assets/icons/next.svg":["packages/simpleicons/assets/icons/next.svg"],"packages/simpleicons/assets/icons/ngc.svg":["packages/simpleicons/assets/icons/ngc.svg"],"packages/simpleicons/assets/icons/nintendo-switch.svg":["packages/simpleicons/assets/icons/nintendo-switch.svg"],"packages/simpleicons/assets/icons/note.svg":["packages/simpleicons/assets/icons/note.svg"],"packages/simpleicons/assets/icons/omega.svg":["packages/simpleicons/assets/icons/omega.svg"],"packages/simpleicons/assets/icons/otp.svg":["packages/simpleicons/assets/icons/otp.svg"],"packages/simpleicons/assets/icons/page-break.svg":["packages/simpleicons/assets/icons/page-break.svg"],"packages/simpleicons/assets/icons/page-number.svg":["packages/simpleicons/assets/icons/page-number.svg"],"packages/simpleicons/assets/icons/paintbrush.svg":["packages/simpleicons/assets/icons/paintbrush.svg"],"packages/simpleicons/assets/icons/paintbucket.svg":["packages/simpleicons/assets/icons/paintbucket.svg"],"packages/simpleicons/assets/icons/paragraph.svg":["packages/simpleicons/assets/icons/paragraph.svg"],"packages/simpleicons/assets/icons/password.svg":["packages/simpleicons/assets/icons/password.svg"],"packages/simpleicons/assets/icons/pause-circle.svg":["packages/simpleicons/assets/icons/pause-circle.svg"],"packages/simpleicons/assets/icons/pause-small.svg":["packages/simpleicons/assets/icons/pause-small.svg"],"packages/simpleicons/assets/icons/pause.svg":["packages/simpleicons/assets/icons/pause.svg"],"packages/simpleicons/assets/icons/paw.svg":["packages/simpleicons/assets/icons/paw.svg"],"packages/simpleicons/assets/icons/paws.svg":["packages/simpleicons/assets/icons/paws.svg"],"packages/simpleicons/assets/icons/paypal.svg":["packages/simpleicons/assets/icons/paypal.svg"],"packages/simpleicons/assets/icons/pdf.svg":["packages/simpleicons/assets/icons/pdf.svg"],"packages/simpleicons/assets/icons/pen.svg":["packages/simpleicons/assets/icons/pen.svg"],"packages/simpleicons/assets/icons/percent.svg":["packages/simpleicons/assets/icons/percent.svg"],"packages/simpleicons/assets/icons/phone.svg":["packages/simpleicons/assets/icons/phone.svg"],"packages/simpleicons/assets/icons/phonecall-blocked.svg":["packages/simpleicons/assets/icons/phonecall-blocked.svg"],"packages/simpleicons/assets/icons/phonecall-receive.svg":["packages/simpleicons/assets/icons/phonecall-receive.svg"],"packages/simpleicons/assets/icons/phonecall.svg":["packages/simpleicons/assets/icons/phonecall.svg"],"packages/simpleicons/assets/icons/pie-chart-alt.svg":["packages/simpleicons/assets/icons/pie-chart-alt.svg"],"packages/simpleicons/assets/icons/pie-chart.svg":["packages/simpleicons/assets/icons/pie-chart.svg"],"packages/simpleicons/assets/icons/pin-alt.svg":["packages/simpleicons/assets/icons/pin-alt.svg"],"packages/simpleicons/assets/icons/pin.svg":["packages/simpleicons/assets/icons/pin.svg"],"packages/simpleicons/assets/icons/plant.svg":["packages/simpleicons/assets/icons/plant.svg"],"packages/simpleicons/assets/icons/play-circle.svg":["packages/simpleicons/assets/icons/play-circle.svg"],"packages/simpleicons/assets/icons/play-small.svg":["packages/simpleicons/assets/icons/play-small.svg"],"packages/simpleicons/assets/icons/play.svg":["packages/simpleicons/assets/icons/play.svg"],"packages/simpleicons/assets/icons/plug.svg":["packages/simpleicons/assets/icons/plug.svg"],"packages/simpleicons/assets/icons/plus-circle.svg":["packages/simpleicons/assets/icons/plus-circle.svg"],"packages/simpleicons/assets/icons/png.svg":["packages/simpleicons/assets/icons/png.svg"],"packages/simpleicons/assets/icons/pool.svg":["packages/simpleicons/assets/icons/pool.svg"],"packages/simpleicons/assets/icons/pound.svg":["packages/simpleicons/assets/icons/pound.svg"],"packages/simpleicons/assets/icons/power.svg":["packages/simpleicons/assets/icons/power.svg"],"packages/simpleicons/assets/icons/ppt.svg":["packages/simpleicons/assets/icons/ppt.svg"],"packages/simpleicons/assets/icons/print.svg":["packages/simpleicons/assets/icons/print.svg"],"packages/simpleicons/assets/icons/qr-code.svg":["packages/simpleicons/assets/icons/qr-code.svg"],"packages/simpleicons/assets/icons/question-circle.svg":["packages/simpleicons/assets/icons/question-circle.svg"],"packages/simpleicons/assets/icons/question-small.svg":["packages/simpleicons/assets/icons/question-small.svg"],"packages/simpleicons/assets/icons/question.svg":["packages/simpleicons/assets/icons/question.svg"],"packages/simpleicons/assets/icons/quote.svg":["packages/simpleicons/assets/icons/quote.svg"],"packages/simpleicons/assets/icons/rand.svg":["packages/simpleicons/assets/icons/rand.svg"],"packages/simpleicons/assets/icons/receipt.svg":["packages/simpleicons/assets/icons/receipt.svg"],"packages/simpleicons/assets/icons/refresh-alt.svg":["packages/simpleicons/assets/icons/refresh-alt.svg"],"packages/simpleicons/assets/icons/refresh.svg":["packages/simpleicons/assets/icons/refresh.svg"],"packages/simpleicons/assets/icons/rewind-circle.svg":["packages/simpleicons/assets/icons/rewind-circle.svg"],"packages/simpleicons/assets/icons/rewind-small.svg":["packages/simpleicons/assets/icons/rewind-small.svg"],"packages/simpleicons/assets/icons/rewind.svg":["packages/simpleicons/assets/icons/rewind.svg"],"packages/simpleicons/assets/icons/right-circle.svg":["packages/simpleicons/assets/icons/right-circle.svg"],"packages/simpleicons/assets/icons/right-small.svg":["packages/simpleicons/assets/icons/right-small.svg"],"packages/simpleicons/assets/icons/right.svg":["packages/simpleicons/assets/icons/right.svg"],"packages/simpleicons/assets/icons/ripple.svg":["packages/simpleicons/assets/icons/ripple.svg"],"packages/simpleicons/assets/icons/roller.svg":["packages/simpleicons/assets/icons/roller.svg"],"packages/simpleicons/assets/icons/router.svg":["packages/simpleicons/assets/icons/router.svg"],"packages/simpleicons/assets/icons/rupee.svg":["packages/simpleicons/assets/icons/rupee.svg"],"packages/simpleicons/assets/icons/safe.svg":["packages/simpleicons/assets/icons/safe.svg"],"packages/simpleicons/assets/icons/save.svg":["packages/simpleicons/assets/icons/save.svg"],"packages/simpleicons/assets/icons/scan.svg":["packages/simpleicons/assets/icons/scan.svg"],"packages/simpleicons/assets/icons/school.svg":["packages/simpleicons/assets/icons/school.svg"],"packages/simpleicons/assets/icons/screen-alt-2.svg":["packages/simpleicons/assets/icons/screen-alt-2.svg"],"packages/simpleicons/assets/icons/screen-alt.svg":["packages/simpleicons/assets/icons/screen-alt.svg"],"packages/simpleicons/assets/icons/screen.svg":["packages/simpleicons/assets/icons/screen.svg"],"packages/simpleicons/assets/icons/scribble.svg":["packages/simpleicons/assets/icons/scribble.svg"],"packages/simpleicons/assets/icons/sd-card.svg":["packages/simpleicons/assets/icons/sd-card.svg"],"packages/simpleicons/assets/icons/search-circle.svg":["packages/simpleicons/assets/icons/search-circle.svg"],"packages/simpleicons/assets/icons/search-property.svg":["packages/simpleicons/assets/icons/search-property.svg"],"packages/simpleicons/assets/icons/search-small.svg":["packages/simpleicons/assets/icons/search-small.svg"],"packages/simpleicons/assets/icons/search.svg":["packages/simpleicons/assets/icons/search.svg"],"packages/simpleicons/assets/icons/section-add.svg":["packages/simpleicons/assets/icons/section-add.svg"],"packages/simpleicons/assets/icons/section-remove.svg":["packages/simpleicons/assets/icons/section-remove.svg"],"packages/simpleicons/assets/icons/send-down.svg":["packages/simpleicons/assets/icons/send-down.svg"],"packages/simpleicons/assets/icons/send-left.svg":["packages/simpleicons/assets/icons/send-left.svg"],"packages/simpleicons/assets/icons/send-right.svg":["packages/simpleicons/assets/icons/send-right.svg"],"packages/simpleicons/assets/icons/send-up.svg":["packages/simpleicons/assets/icons/send-up.svg"],"packages/simpleicons/assets/icons/send.svg":["packages/simpleicons/assets/icons/send.svg"],"packages/simpleicons/assets/icons/share.svg":["packages/simpleicons/assets/icons/share.svg"],"packages/simpleicons/assets/icons/shield-tick.svg":["packages/simpleicons/assets/icons/shield-tick.svg"],"packages/simpleicons/assets/icons/shield-x.svg":["packages/simpleicons/assets/icons/shield-x.svg"],"packages/simpleicons/assets/icons/shield.svg":["packages/simpleicons/assets/icons/shield.svg"],"packages/simpleicons/assets/icons/shop.svg":["packages/simpleicons/assets/icons/shop.svg"],"packages/simpleicons/assets/icons/sign.svg":["packages/simpleicons/assets/icons/sign.svg"],"packages/simpleicons/assets/icons/signin.svg":["packages/simpleicons/assets/icons/signin.svg"],"packages/simpleicons/assets/icons/sim.svg":["packages/simpleicons/assets/icons/sim.svg"],"packages/simpleicons/assets/icons/snes.svg":["packages/simpleicons/assets/icons/snes.svg"],"packages/simpleicons/assets/icons/sort-alphabetically.svg":["packages/simpleicons/assets/icons/sort-alphabetically.svg"],"packages/simpleicons/assets/icons/sort-down.svg":["packages/simpleicons/assets/icons/sort-down.svg"],"packages/simpleicons/assets/icons/sort-high-to-low.svg":["packages/simpleicons/assets/icons/sort-high-to-low.svg"],"packages/simpleicons/assets/icons/sort-low-to-high.svg":["packages/simpleicons/assets/icons/sort-low-to-high.svg"],"packages/simpleicons/assets/icons/sort-reverse-alphabetically.svg":["packages/simpleicons/assets/icons/sort-reverse-alphabetically.svg"],"packages/simpleicons/assets/icons/sort-up.svg":["packages/simpleicons/assets/icons/sort-up.svg"],"packages/simpleicons/assets/icons/sound-off.svg":["packages/simpleicons/assets/icons/sound-off.svg"],"packages/simpleicons/assets/icons/sound-on.svg":["packages/simpleicons/assets/icons/sound-on.svg"],"packages/simpleicons/assets/icons/spreadsheet.svg":["packages/simpleicons/assets/icons/spreadsheet.svg"],"packages/simpleicons/assets/icons/square.svg":["packages/simpleicons/assets/icons/square.svg"],"packages/simpleicons/assets/icons/stamp.svg":["packages/simpleicons/assets/icons/stamp.svg"],"packages/simpleicons/assets/icons/star-circle.svg":["packages/simpleicons/assets/icons/star-circle.svg"],"packages/simpleicons/assets/icons/star-small.svg":["packages/simpleicons/assets/icons/star-small.svg"],"packages/simpleicons/assets/icons/star.svg":["packages/simpleicons/assets/icons/star.svg"],"packages/simpleicons/assets/icons/stop-circle.svg":["packages/simpleicons/assets/icons/stop-circle.svg"],"packages/simpleicons/assets/icons/stop-small.svg":["packages/simpleicons/assets/icons/stop-small.svg"],"packages/simpleicons/assets/icons/stop.svg":["packages/simpleicons/assets/icons/stop.svg"],"packages/simpleicons/assets/icons/stopwatch.svg":["packages/simpleicons/assets/icons/stopwatch.svg"],"packages/simpleicons/assets/icons/strikethrough.svg":["packages/simpleicons/assets/icons/strikethrough.svg"],"packages/simpleicons/assets/icons/subscript.svg":["packages/simpleicons/assets/icons/subscript.svg"],"packages/simpleicons/assets/icons/sun.svg":["packages/simpleicons/assets/icons/sun.svg"],"packages/simpleicons/assets/icons/superscript.svg":["packages/simpleicons/assets/icons/superscript.svg"],"packages/simpleicons/assets/icons/svg.svg":["packages/simpleicons/assets/icons/svg.svg"],"packages/simpleicons/assets/icons/table.svg":["packages/simpleicons/assets/icons/table.svg"],"packages/simpleicons/assets/icons/tablet.svg":["packages/simpleicons/assets/icons/tablet.svg"],"packages/simpleicons/assets/icons/tag.svg":["packages/simpleicons/assets/icons/tag.svg"],"packages/simpleicons/assets/icons/target.svg":["packages/simpleicons/assets/icons/target.svg"],"packages/simpleicons/assets/icons/text-document-alt.svg":["packages/simpleicons/assets/icons/text-document-alt.svg"],"packages/simpleicons/assets/icons/text-document.svg":["packages/simpleicons/assets/icons/text-document.svg"],"packages/simpleicons/assets/icons/text.svg":["packages/simpleicons/assets/icons/text.svg"],"packages/simpleicons/assets/icons/thumb-down.svg":["packages/simpleicons/assets/icons/thumb-down.svg"],"packages/simpleicons/assets/icons/thumb-up.svg":["packages/simpleicons/assets/icons/thumb-up.svg"],"packages/simpleicons/assets/icons/thumbtack.svg":["packages/simpleicons/assets/icons/thumbtack.svg"],"packages/simpleicons/assets/icons/tick-circle.svg":["packages/simpleicons/assets/icons/tick-circle.svg"],"packages/simpleicons/assets/icons/tick-small.svg":["packages/simpleicons/assets/icons/tick-small.svg"],"packages/simpleicons/assets/icons/tick.svg":["packages/simpleicons/assets/icons/tick.svg"],"packages/simpleicons/assets/icons/toggle.svg":["packages/simpleicons/assets/icons/toggle.svg"],"packages/simpleicons/assets/icons/top-left.svg":["packages/simpleicons/assets/icons/top-left.svg"],"packages/simpleicons/assets/icons/top-right.svg":["packages/simpleicons/assets/icons/top-right.svg"],"packages/simpleicons/assets/icons/trend-down.svg":["packages/simpleicons/assets/icons/trend-down.svg"],"packages/simpleicons/assets/icons/trend-up.svg":["packages/simpleicons/assets/icons/trend-up.svg"],"packages/simpleicons/assets/icons/triangle.svg":["packages/simpleicons/assets/icons/triangle.svg"],"packages/simpleicons/assets/icons/trophy.svg":["packages/simpleicons/assets/icons/trophy.svg"],"packages/simpleicons/assets/icons/tv.svg":["packages/simpleicons/assets/icons/tv.svg"],"packages/simpleicons/assets/icons/underline.svg":["packages/simpleicons/assets/icons/underline.svg"],"packages/simpleicons/assets/icons/unlock-circle.svg":["packages/simpleicons/assets/icons/unlock-circle.svg"],"packages/simpleicons/assets/icons/unlock-small.svg":["packages/simpleicons/assets/icons/unlock-small.svg"],"packages/simpleicons/assets/icons/unlock.svg":["packages/simpleicons/assets/icons/unlock.svg"],"packages/simpleicons/assets/icons/up-circle.svg":["packages/simpleicons/assets/icons/up-circle.svg"],"packages/simpleicons/assets/icons/up-small.svg":["packages/simpleicons/assets/icons/up-small.svg"],"packages/simpleicons/assets/icons/up.svg":["packages/simpleicons/assets/icons/up.svg"],"packages/simpleicons/assets/icons/upload.svg":["packages/simpleicons/assets/icons/upload.svg"],"packages/simpleicons/assets/icons/usb-cable.svg":["packages/simpleicons/assets/icons/usb-cable.svg"],"packages/simpleicons/assets/icons/user-circle.svg":["packages/simpleicons/assets/icons/user-circle.svg"],"packages/simpleicons/assets/icons/user-minus.svg":["packages/simpleicons/assets/icons/user-minus.svg"],"packages/simpleicons/assets/icons/user-plus.svg":["packages/simpleicons/assets/icons/user-plus.svg"],"packages/simpleicons/assets/icons/user-square.svg":["packages/simpleicons/assets/icons/user-square.svg"],"packages/simpleicons/assets/icons/user.svg":["packages/simpleicons/assets/icons/user.svg"],"packages/simpleicons/assets/icons/users.svg":["packages/simpleicons/assets/icons/users.svg"],"packages/simpleicons/assets/icons/vector-document.svg":["packages/simpleicons/assets/icons/vector-document.svg"],"packages/simpleicons/assets/icons/venn-diagram.svg":["packages/simpleicons/assets/icons/venn-diagram.svg"],"packages/simpleicons/assets/icons/view-column.svg":["packages/simpleicons/assets/icons/view-column.svg"],"packages/simpleicons/assets/icons/view-grid.svg":["packages/simpleicons/assets/icons/view-grid.svg"],"packages/simpleicons/assets/icons/volume-1.svg":["packages/simpleicons/assets/icons/volume-1.svg"],"packages/simpleicons/assets/icons/volume-2.svg":["packages/simpleicons/assets/icons/volume-2.svg"],"packages/simpleicons/assets/icons/volume-3.svg":["packages/simpleicons/assets/icons/volume-3.svg"],"packages/simpleicons/assets/icons/vr-headset.svg":["packages/simpleicons/assets/icons/vr-headset.svg"],"packages/simpleicons/assets/icons/wallet-alt.svg":["packages/simpleicons/assets/icons/wallet-alt.svg"],"packages/simpleicons/assets/icons/wallet.svg":["packages/simpleicons/assets/icons/wallet.svg"],"packages/simpleicons/assets/icons/wan.svg":["packages/simpleicons/assets/icons/wan.svg"],"packages/simpleicons/assets/icons/wand.svg":["packages/simpleicons/assets/icons/wand.svg"],"packages/simpleicons/assets/icons/watch.svg":["packages/simpleicons/assets/icons/watch.svg"],"packages/simpleicons/assets/icons/wifi-full.svg":["packages/simpleicons/assets/icons/wifi-full.svg"],"packages/simpleicons/assets/icons/wifi-low.svg":["packages/simpleicons/assets/icons/wifi-low.svg"],"packages/simpleicons/assets/icons/wifi-none.svg":["packages/simpleicons/assets/icons/wifi-none.svg"],"packages/simpleicons/assets/icons/x-circle.svg":["packages/simpleicons/assets/icons/x-circle.svg"],"packages/simpleicons/assets/icons/x-small.svg":["packages/simpleicons/assets/icons/x-small.svg"],"packages/simpleicons/assets/icons/x.svg":["packages/simpleicons/assets/icons/x.svg"],"packages/simpleicons/assets/icons/xls.svg":["packages/simpleicons/assets/icons/xls.svg"],"packages/simpleicons/assets/icons/yen.svg":["packages/simpleicons/assets/icons/yen.svg"],"packages/simpleicons/assets/icons/zip.svg":["packages/simpleicons/assets/icons/zip.svg"],"packages/simpleicons/assets/icons/zoom-in.svg":["packages/simpleicons/assets/icons/zoom-in.svg"],"packages/simpleicons/assets/icons/zoom-out.svg":["packages/simpleicons/assets/icons/zoom-out.svg"]}