[{"family":"MaterialIcons","fonts":[{"asset":"fonts/MaterialIcons-Regular.otf"}]},{"family":"Bold","fonts":[{"asset":"assets/fonts/NunitoSans-Bold.ttf"}]},{"family":"Light","fonts":[{"asset":"assets/fonts/NunitoSans-Light.ttf"}]},{"family":"Regular","fonts":[{"asset":"assets/fonts/NunitoSans-Regular.ttf"}]},{"family":"Medium","fonts":[{"asset":"assets/fonts/NunitoSans-SemiBold.ttf"}]},{"family":"packages/cupertino_icons/CupertinoIcons","fonts":[{"asset":"packages/cupertino_icons/assets/CupertinoIcons.ttf"}]}]